City_ID,City,Country,Date,Lat,Lng,Max Temp,Humidity,Cloudiness,Wind Speed
0,Atagay,RU,2021-07-11 22:02:09,55.1033,99.3875,53.49,91,12,2.51
1,Saint George,US,2021-07-11 21:57:25,37.1041,-113.5841,113.47,13,1,1.99
2,Atuona,PF,2021-07-11 22:02:10,-9.8,-139.0333,77.23,80,46,25.08
3,Dikson,RU,2021-07-11 22:02:10,73.5069,80.5464,33.6,99,100,15.37
4,Grindavik,IS,2021-07-11 22:02:10,63.8424,-22.4338,55.56,100,90,14.97
5,Sobolevo,RU,2021-07-11 22:02:11,54.4299,31.8996,69.37,75,76,5.75
6,Shimoda,JP,2021-07-11 21:58:11,34.6667,138.95,77.11,86,99,0.65
7,Matara,LK,2021-07-11 22:02:11,5.9485,80.5353,78.31,87,100,16.02
8,Rincon,US,2021-07-11 22:02:11,32.296,-81.2354,87.22,73,75,1.99
9,Coffs Harbour,AU,2021-07-11 22:02:12,-30.3,153.1333,50.13,93,75,2.3
10,Hithadhoo,MV,2021-07-11 22:02:12,-0.6,73.0833,81.19,71,49,2.21
11,Hermanus,ZA,2021-07-11 22:02:12,-34.4187,19.2345,53.91,68,55,9.28
12,Ribeira Grande,PT,2021-07-11 22:02:13,38.5167,-28.7,67.71,71,100,17.22
13,Avarua,CK,2021-07-11 22:02:13,-21.2078,-159.775,76.62,82,22,15.37
14,Punta Arenas,CL,2021-07-11 21:57:15,-53.15,-70.9167,35.71,80,20,36.82
15,Trelaze,FR,2021-07-11 22:02:14,47.45,-0.4667,64.11,80,75,3.44
16,Sinnamary,GF,2021-07-11 22:02:14,5.3833,-52.95,79.16,82,44,8.46
17,Arraial Do Cabo,BR,2021-07-11 21:59:53,-22.9661,-42.0278,69.66,83,0,5.75
18,Ilhabela,BR,2021-07-11 22:02:14,-23.7781,-45.3581,66.25,88,0,3.65
19,Barrow,US,2021-07-11 21:59:12,71.2906,-156.7887,33.82,73,90,11.5
20,San Andres,CO,2021-07-11 22:00:07,12.5847,-81.7006,81.14,79,100,22.93
21,Lebu,CL,2021-07-11 21:59:53,-37.6167,-73.65,49.35,74,12,14.09
22,Mareeba,AU,2021-07-11 21:58:40,-17.0,145.4333,65.12,83,100,2.62
23,Kavaratti,IN,2021-07-11 22:02:15,10.5669,72.642,81.86,79,100,24.63
24,Port-Gentil,GA,2021-07-11 22:02:15,-0.7193,8.7815,77.72,80,99,12.88
25,Asau,RO,2021-07-11 22:02:16,46.4333,26.4,66.4,97,98,4.79
26,Nome,US,2021-07-11 22:02:16,64.5011,-165.4064,57.16,79,88,7.76
27,Rikitea,PF,2021-07-11 22:02:16,-23.1203,-134.9692,73.71,82,48,21.72
28,Presidencia Roque Saenz Pena,AR,2021-07-11 22:02:17,-26.7852,-60.4388,76.33,37,94,6.6
29,Bluff,NZ,2021-07-11 21:59:19,-46.6,168.3333,43.84,83,100,15.41
30,Padang,ID,2021-07-11 22:02:17,-0.9492,100.3543,75.25,87,98,4.16
31,Mahebourg,MU,2021-07-11 22:02:18,-20.4081,57.7,71.26,68,88,18.37
32,Teeli,RU,2021-07-11 22:02:18,51.0333,90.2333,54.86,84,43,2.68
33,Port Lincoln,AU,2021-07-11 22:00:15,-34.7333,135.8667,56.59,78,85,17.31
34,Qaanaaq,GL,2021-07-11 22:02:18,77.484,-69.3632,38.95,66,49,2.66
35,Provideniya,RU,2021-07-11 22:02:19,64.3833,-173.3,53.71,66,0,6.71
36,Clyde River,CA,2021-07-11 22:02:19,70.4692,-68.5914,47.77,61,21,4.45
37,Norman Wells,CA,2021-07-11 22:02:19,65.282,-126.8329,72.86,33,83,6.98
38,Beringovskiy,RU,2021-07-11 22:02:20,63.05,179.3167,60.84,62,81,3.76
39,Albany,US,2021-07-11 21:57:24,42.6001,-73.9662,68.9,93,100,4.56
40,Mataura,NZ,2021-07-11 22:02:20,-46.1927,168.8643,36.84,88,100,2.62
41,Yumen,CN,2021-07-11 22:02:20,40.2833,97.2,72.34,39,0,5.3
42,Vaini,TO,2021-07-11 22:02:21,-21.2,-175.2,75.09,83,5,13.02
43,Castro,BR,2021-07-11 22:02:21,-24.7911,-50.0119,54.19,75,14,2.98
44,Mount Gambier,AU,2021-07-11 22:02:21,-37.8333,140.7667,46.72,83,67,11.56
45,Puerto Ayora,EC,2021-07-11 22:02:22,-0.7393,-90.3518,73.54,83,27,5.99
46,Manoel Urbano,BR,2021-07-11 22:02:22,-8.8389,-69.2597,84.11,53,90,1.41
47,Haines Junction,CA,2021-07-11 22:02:22,60.7522,-137.5108,53.8,63,100,6.73
48,Olafsvik,IS,2021-07-11 22:02:23,64.8945,-23.7142,54.39,88,85,8.84
49,Atchison,US,2021-07-11 22:02:23,39.563,-95.1216,77.07,85,97,17.45
50,Chesley,CA,2021-07-11 22:02:23,44.2966,-81.0952,72.7,67,100,5.79
51,Sande,DE,2021-07-11 22:02:24,53.5049,8.0142,66.43,96,50,8.14
52,Talnakh,RU,2021-07-11 22:02:24,69.4865,88.3972,45.27,92,100,10.67
53,Kaitangata,NZ,2021-07-11 22:02:05,-46.2817,169.8464,41.94,74,100,7.29
54,Isangel,VU,2021-07-11 22:02:24,-19.55,169.2667,77.86,70,100,2.24
55,Butaritari,KI,2021-07-11 22:02:25,3.0707,172.7902,82.31,75,88,11.99
56,Mar Del Plata,AR,2021-07-11 22:02:25,-38.0023,-57.5575,55.13,55,0,8.99
57,Sao Filipe,CV,2021-07-11 22:02:25,14.8961,-24.4956,72.55,75,65,7.02
58,Misratah,LY,2021-07-11 22:02:26,32.3754,15.0925,79.3,70,0,12.97
59,Praia,CV,2021-07-11 21:59:09,14.9215,-23.5087,73.94,68,20,12.66
60,Saldanha,ZA,2021-07-11 22:02:26,-33.0117,17.9442,53.29,89,3,10.67
61,Sept-Iles,CA,2021-07-11 22:02:26,50.2001,-66.3821,63.25,86,75,1.99
62,Chumikan,RU,2021-07-11 22:02:27,54.7183,135.315,53.47,96,100,0.81
63,Pacific Grove,US,2021-07-11 22:02:27,36.6177,-121.9166,97.61,86,36,1.01
64,Hobart,AU,2021-07-11 22:02:27,-42.8794,147.3294,47.12,91,75,1.99
65,Kodiak,US,2021-07-11 22:02:28,57.79,-152.4072,48.7,91,100,22.01
66,Pathardi,IN,2021-07-11 22:02:28,19.1667,75.1833,77.86,84,100,2.48
67,Busselton,AU,2021-07-11 22:02:28,-33.65,115.3333,55.04,93,100,22.28
68,Kurilsk,RU,2021-07-11 22:02:28,45.2333,147.8833,58.73,84,18,6.29
69,Masvingo,ZW,2021-07-11 22:02:29,-20.0637,30.8277,52.72,70,0,3.89
70,Laurel,US,2021-07-11 22:02:29,39.0993,-76.8483,91.26,72,1,4.0
71,Fortuna,US,2021-07-11 22:02:29,40.5982,-124.1573,68.86,80,20,12.66
72,Luganville,VU,2021-07-11 22:02:30,-15.5333,167.1667,79.7,83,77,7.34
73,Mugumu,TZ,2021-07-11 22:02:30,-1.85,34.7,64.9,61,100,4.25
74,Ushuaia,AR,2021-07-11 22:02:31,-54.8,-68.3,30.33,94,90,5.28
75,Tuatapere,NZ,2021-07-11 22:02:31,-46.1333,167.6833,40.39,87,97,4.41
76,Lakhdenpokhya,RU,2021-07-11 22:02:31,61.5198,30.1992,64.87,79,3,5.61
77,Vanimo,PG,2021-07-11 21:57:51,-2.6741,141.3028,78.6,84,70,3.94
78,Honiara,SB,2021-07-11 22:02:32,-9.4333,159.95,82.31,71,37,5.35
79,Bayan,CN,2021-07-11 22:02:32,46.0833,127.4,71.49,90,84,4.61
80,Iqaluit,CA,2021-07-11 22:00:14,63.7506,-68.5145,49.41,60,78,5.59
81,Aasiaat,GL,2021-07-11 22:02:32,68.7098,-52.8699,40.28,80,61,6.15
82,Gornopravdinsk,RU,2021-07-11 22:02:33,60.05,69.9,43.48,76,16,4.43
83,Key Largo,US,2021-07-11 22:00:25,25.0865,-80.4473,87.03,67,35,13.62
84,San Cristobal,VE,2021-07-11 22:02:33,7.7669,-72.225,76.03,64,98,4.41
85,Marystown,CA,2021-07-11 22:02:33,47.1666,-55.1483,59.02,84,57,7.29
86,Kushima,JP,2021-07-11 22:02:34,31.4583,131.2333,78.84,87,100,4.38
87,Mayumba,GA,2021-07-11 22:02:34,-3.432,10.6554,73.44,90,81,6.87
88,Buala,SB,2021-07-11 22:02:34,-8.145,159.5921,83.3,72,86,7.96
89,Yingkou,CN,2021-07-11 22:02:35,40.6648,122.2283,74.28,85,79,6.78
90,Camabatela,AO,2021-07-11 22:02:35,-8.1881,15.375,61.52,34,3,1.72
91,Tocopilla,CL,2021-07-11 22:02:35,-22.092,-70.1979,62.37,75,73,4.38
92,Tasiilaq,GL,2021-07-11 22:02:36,65.6145,-37.6368,44.76,99,100,9.46
93,Jamestown,US,2021-07-11 22:00:27,42.097,-79.2353,69.39,97,90,7.0
94,Yellowknife,CA,2021-07-11 22:01:16,62.456,-114.3525,77.32,41,83,3.0
95,Kapaa,US,2021-07-11 22:02:36,22.0752,-159.319,84.18,77,77,1.99
96,Andenes,NO,2021-07-11 22:02:36,69.3143,16.1194,58.06,94,75,5.75
97,Shiraz,IR,2021-07-11 22:02:37,29.6036,52.5388,85.44,13,0,6.91
98,Kruisfontein,ZA,2021-07-11 22:02:37,-34.0033,24.7314,48.13,55,0,3.27
99,Khatanga,RU,2021-07-11 21:57:54,71.9667,102.5,48.87,46,90,7.47
100,Sisimiut,GL,2021-07-11 22:02:38,66.9395,-53.6735,48.36,59,79,9.64
101,Nykoping,SE,2021-07-11 22:02:38,58.753,17.0079,61.09,82,0,3.44
102,Iguape,BR,2021-07-11 22:02:38,-24.7081,-47.5553,64.38,93,0,4.32
103,Corlu,TR,2021-07-11 22:02:39,41.1592,27.8,69.78,83,0,12.66
104,Esna,EG,2021-07-11 22:02:39,25.2934,32.554,91.04,24,5,8.14
105,Chokurdakh,RU,2021-07-11 22:02:39,70.6333,147.9167,40.42,81,100,16.2
106,Airai,TL,2021-07-11 22:02:40,-8.9266,125.4092,55.18,55,99,4.21
107,Turayf,SA,2021-07-11 22:02:40,31.6725,38.6637,83.89,31,0,17.43
108,Khorramshahr,IR,2021-07-11 22:02:40,30.4397,48.1664,101.84,10,0,11.12
109,Fatehpur,IN,2021-07-11 22:02:41,25.9333,80.8,85.32,69,99,12.37
110,Solnechnyy,RU,2021-07-11 22:02:41,50.7214,136.6319,69.87,92,90,2.13
111,Broken Hill,AU,2021-07-11 22:02:41,-31.95,141.4333,48.47,48,61,12.68
112,Bambous Virieux,MU,2021-07-11 21:57:46,-20.3428,57.7575,71.22,78,75,12.66
113,Narrabri,AU,2021-07-11 22:02:42,-30.3167,149.7833,45.52,86,0,1.99
114,Sioux Lookout,CA,2021-07-11 22:02:42,50.1001,-91.917,80.98,22,1,5.39
115,Tabou,CI,2021-07-11 22:02:42,4.423,-7.3528,76.5,80,37,8.14
116,Putina,PE,2021-07-11 22:02:43,-15.4667,-69.4333,47.84,62,2,12.77
117,Speightstown,BB,2021-07-11 22:02:43,13.25,-59.65,80.33,82,79,20.22
118,Torbay,CA,2021-07-11 22:02:44,47.6666,-52.7314,62.49,93,100,4.63
119,Maragogi,BR,2021-07-11 22:02:44,-9.0122,-35.2225,74.8,85,15,8.19
120,Senneterre,CA,2021-07-11 22:02:44,48.3835,-77.2328,74.82,43,58,5.53
121,Limbang,MY,2021-07-11 22:02:44,4.75,115.0,77.11,98,100,2.35
122,Woodstock,CA,2021-07-11 22:00:31,43.1334,-80.7497,66.65,95,100,1.01
123,College,US,2021-07-11 22:02:45,64.8569,-147.8028,70.0,39,100,5.06
124,Tanete,ID,2021-07-11 22:02:45,-3.9443,119.7848,74.34,94,99,8.81
125,Nikolskoye,RU,2021-07-11 22:02:46,59.7035,30.7861,69.69,85,1,4.38
126,Hilo,US,2021-07-11 22:02:03,19.7297,-155.09,78.8,82,100,3.0
127,Berlevag,NO,2021-07-11 22:02:46,70.8578,29.0864,50.02,77,6,11.36
128,Ponta Do Sol,PT,2021-07-11 22:02:46,32.6667,-17.1,74.03,70,2,5.93
129,Vardo,NO,2021-07-11 22:02:47,70.3705,31.1107,48.4,80,22,14.07
130,Hisua,IN,2021-07-11 22:02:47,24.8333,85.4167,81.3,85,78,4.94
131,Ekangala,ZA,2021-07-11 22:02:47,-25.6962,28.7492,51.3,35,0,3.47
132,Carnarvon,AU,2021-07-11 22:02:48,-24.8667,113.6333,69.76,87,90,21.77
133,Diffa,NE,2021-07-11 22:02:48,13.3154,12.6113,84.18,55,85,16.75
134,Fort Frances,CA,2021-07-11 22:01:35,48.5999,-93.4003,87.17,42,5,1.01
135,Aykhal,RU,2021-07-11 21:58:17,66.0,111.5,46.89,89,96,3.2
136,East London,ZA,2021-07-11 22:02:48,-33.0153,27.9116,65.91,27,0,8.3
137,Hirara,JP,2021-07-11 22:02:49,24.8,125.2833,82.67,89,75,4.61
138,Calvia,ES,2021-07-11 22:02:49,39.5657,2.5062,79.92,32,58,13.04
139,Nanortalik,GL,2021-07-11 21:57:53,60.1432,-45.2371,41.41,99,100,2.8
140,Tyrma,RU,2021-07-11 22:02:50,50.0833,132.1667,68.13,94,34,1.32
141,Tiruchchendur,IN,2021-07-11 22:02:50,8.4833,78.1167,80.38,72,100,12.35
142,Cape Town,ZA,2021-07-11 21:58:31,-33.9258,18.4232,57.88,83,75,3.0
143,Spornoye,RU,2021-07-11 22:02:50,50.8448,37.2913,73.42,88,28,6.82
144,Hami,CN,2021-07-11 22:02:51,42.8,93.45,81.97,34,31,10.11
145,Geraldton,AU,2021-07-11 21:58:28,-28.7667,114.6,61.21,94,75,19.57
146,New Norfolk,AU,2021-07-11 22:02:51,-42.7826,147.0587,46.76,87,100,2.71
147,Lavrentiya,RU,2021-07-11 22:02:51,65.5833,-171.0,49.15,81,95,5.77
148,Portland,US,2021-07-11 21:59:03,45.5234,-122.6762,90.86,44,0,1.01
149,Muravlenko,RU,2021-07-11 22:02:52,63.7898,74.523,52.99,62,90,9.24
150,Cidreira,BR,2021-07-11 21:59:18,-30.1811,-50.2056,60.3,90,0,6.08
151,Mindelo,CV,2021-07-11 22:02:52,16.8901,-24.9804,74.75,64,40,13.8
152,Port Elizabeth,ZA,2021-07-11 22:02:53,-33.918,25.5701,57.36,53,0,5.55
153,Voyvozh,RU,2021-07-11 22:02:53,62.892,54.9635,49.93,95,80,5.7
154,Rawson,AR,2021-07-11 22:02:53,-43.3002,-65.1023,51.58,49,100,8.7
155,Hailar,CN,2021-07-11 22:02:54,49.2,119.7,62.26,71,5,6.31
156,Aljezur,PT,2021-07-11 22:02:54,37.3191,-8.8033,64.24,89,11,12.75
157,Westport,US,2021-07-11 22:01:12,41.1415,-73.3579,80.02,86,100,1.01
158,La Union,PE,2021-07-11 22:02:54,-5.4,-80.75,75.33,60,57,14.97
159,Port Alfred,ZA,2021-07-11 22:02:55,-33.5906,26.891,64.06,30,0,8.37
160,Quatre Cocos,MU,2021-07-11 22:02:55,-20.2078,57.7625,71.1,65,81,17.74
161,Rantepao,ID,2021-07-11 22:02:55,-2.9701,119.8978,66.47,98,100,0.67
162,Srednekolymsk,RU,2021-07-11 22:02:56,67.45,153.6833,78.62,35,1,22.01
163,Inta,RU,2021-07-11 22:02:56,66.0317,60.1659,39.6,78,40,8.57
164,Esperance,AU,2021-07-11 22:02:56,-33.8667,121.9,48.7,76,71,16.4
165,Saint-Philippe,RE,2021-07-11 22:02:57,-21.3585,55.7679,67.55,77,59,11.21
166,Bereda,ES,2021-07-11 22:02:57,43.2686,-7.5406,59.41,86,99,3.11
167,Gebre Guracha,ET,2021-07-11 22:02:57,9.8,38.4,51.85,89,75,2.51
168,Nadvoitsy,RU,2021-07-11 22:02:58,63.8667,34.3167,63.84,87,34,3.11
169,Shubarshi,KZ,2021-07-11 22:02:58,48.5872,57.1869,73.08,48,52,4.76
170,Tyukalinsk,RU,2021-07-11 22:02:58,55.8732,72.1967,57.07,98,92,6.53
171,Dingle,PH,2021-07-11 22:02:58,10.9995,122.6711,76.75,90,40,4.88
172,Bredasdorp,ZA,2021-07-11 22:02:59,-34.5322,20.0403,47.3,69,42,5.46
173,Ilulissat,GL,2021-07-11 22:02:59,69.2167,-51.1,48.22,57,67,6.91
174,Bengkulu,ID,2021-07-11 22:03:00,-3.8004,102.2655,75.13,88,100,4.72
175,Krasnyy Chikoy,RU,2021-07-11 22:03:00,50.3643,108.7512,61.86,96,100,3.74
176,Upernavik,GL,2021-07-11 22:03:00,72.7868,-56.1549,39.0,72,9,13.35
177,Longyearbyen,SJ,2021-07-11 22:03:01,78.2186,15.6401,40.84,81,40,12.66
178,Altamira,BR,2021-07-11 22:03:01,-3.2033,-52.2064,80.29,71,86,3.0
179,Gouyave,GD,2021-07-11 22:03:01,12.1646,-61.7296,78.91,85,100,19.62
180,Pahrump,US,2021-07-11 22:03:02,36.2083,-115.9839,113.85,11,19,5.01
181,Kashi,CN,2021-07-11 22:03:02,39.4547,75.9797,85.23,27,91,0.85
182,Culiacan,MX,2021-07-11 22:00:08,24.7994,-107.3897,92.77,46,53,12.73
183,Saint Anthony,US,2021-07-11 22:03:03,45.0205,-93.218,88.18,38,40,4.0
184,Cherskiy,RU,2021-07-11 22:03:03,68.75,161.3,80.58,35,7,25.14
185,Garowe,SO,2021-07-11 22:03:04,8.4054,48.4845,81.46,46,29,28.43
186,Lompoc,US,2021-07-11 22:03:04,34.6391,-120.4579,98.78,58,1,14.97
187,Horta,PT,2021-07-11 22:03:04,38.5333,-28.6333,66.76,72,100,15.66
188,Aleksandrovsk-Sakhalinskiy,RU,2021-07-11 22:03:05,50.8975,142.1561,66.99,87,98,14.81
189,Kuytun,RU,2021-07-11 22:03:05,54.3419,101.5036,53.24,82,28,1.79
190,Thompson,CA,2021-07-11 22:00:16,55.7435,-97.8558,73.56,60,75,16.11
191,Mackay,AU,2021-07-11 22:03:05,-21.15,149.2,58.68,81,46,7.94
192,Barranca De Upia,CO,2021-07-11 22:03:06,4.5696,-72.9668,80.1,85,45,2.3
193,Visby,SE,2021-07-11 22:03:06,57.6409,18.296,62.85,94,24,6.91
194,Hope,US,2021-07-11 22:00:15,33.6671,-93.5916,88.29,66,71,9.1
195,Port Hardy,CA,2021-07-11 22:00:16,50.6996,-127.4199,62.17,75,18,13.13
196,Labuhan,ID,2021-07-11 22:03:06,-6.8844,112.2051,76.37,87,5,8.41
197,San Miguel,SV,2021-07-11 22:03:07,13.4833,-88.1833,88.86,56,81,3.0
198,Lazaro Cardenas,MX,2021-07-11 22:00:04,17.9583,-102.2,85.32,71,80,7.36
199,Alicia,PH,2021-07-11 22:03:07,16.7794,121.6973,75.52,85,97,4.12
200,Bilibino,RU,2021-07-11 22:03:08,68.0546,166.4372,82.42,40,9,15.73
201,San Jose,US,2021-07-11 22:01:46,37.3394,-121.895,100.26,45,5,7.38
202,Saskylakh,RU,2021-07-11 22:03:08,71.9167,114.0833,46.44,46,39,14.36
203,Bathsheba,BB,2021-07-11 22:03:08,13.2167,-59.5167,80.17,83,98,19.39
204,Dingzhou,CN,2021-07-11 22:03:09,38.5131,114.9956,74.17,95,100,12.41
205,Petrykivka,UA,2021-07-11 22:03:09,48.7298,34.6351,70.72,65,31,6.67
206,Tuktoyaktuk,CA,2021-07-11 22:03:09,69.4541,-133.0374,48.2,81,75,19.57
207,Pontal Do Parana,BR,2021-07-11 22:03:10,-25.6533,-48.5128,71.73,93,2,1.19
208,Naze,JP,2021-07-11 22:03:10,28.3667,129.4833,77.92,85,100,6.76
209,Aklavik,CA,2021-07-11 22:03:10,68.2191,-135.0107,52.29,68,100,22.66
210,Chuy,UY,2021-07-11 21:58:12,-33.6971,-53.4616,48.33,70,0,5.68
211,Caravelas,BR,2021-07-11 22:03:11,-17.7125,-39.2481,69.55,83,0,6.13
212,San Felipe,VE,2021-07-11 22:03:12,10.3399,-68.7425,78.76,85,81,4.45
213,Pitimbu,BR,2021-07-11 22:03:12,-7.4706,-34.8086,76.17,82,4,11.95
214,Murmashi,RU,2021-07-11 22:03:12,68.8154,32.8115,54.01,82,0,4.47
215,Wasserburg,DE,2021-07-11 22:03:13,48.4411,10.2693,60.75,90,0,1.88
216,Lake City,US,2021-07-11 22:03:13,30.1897,-82.6393,84.65,88,90,4.61
217,Puerto Carreno,CO,2021-07-11 22:03:13,6.189,-67.4859,84.15,73,100,2.93
218,Kapuskasing,CA,2021-07-11 22:03:13,49.4169,-82.4331,77.65,35,8,3.56
219,Lorengau,PG,2021-07-11 22:03:14,-2.0226,147.2712,82.42,79,98,7.76
220,Paamiut,GL,2021-07-11 22:03:14,61.994,-49.6678,43.7,93,100,6.44
221,Burns Lake,CA,2021-07-11 22:00:14,54.2331,-125.7533,76.82,27,4,6.49
222,Pisco,PE,2021-07-11 22:03:14,-13.7,-76.2167,65.01,81,88,6.31
223,Lastoursville,GA,2021-07-11 22:03:15,-0.8143,12.7287,73.78,91,99,3.24
224,Katsuura,JP,2021-07-11 22:03:15,35.1333,140.3,79.11,86,65,3.04
225,Dobroye,RU,2021-07-11 22:03:15,52.8678,39.8109,68.7,72,0,5.64
226,Half Moon Bay,US,2021-07-11 22:01:58,37.4636,-122.4286,96.12,64,20,12.66
227,Kristiinankaupunki,FI,2021-07-11 22:03:16,62.2743,21.376,61.23,89,5,12.12
228,Torquay,GB,2021-07-11 22:03:16,50.4638,-3.5143,59.58,46,100,1.01
229,Joao Pinheiro,BR,2021-07-11 21:58:55,-17.7425,-46.1725,65.43,34,0,0.92
230,Belaya Gora,RU,2021-07-11 22:03:17,68.5333,146.4167,42.64,92,100,23.78
231,Faya,SA,2021-07-11 22:03:17,18.3851,42.4509,72.7,48,88,3.96
232,Itaituba,BR,2021-07-11 22:03:17,-4.2761,-55.9836,82.15,56,84,2.57
233,Pangnirtung,CA,2021-07-11 22:03:18,66.1451,-65.7125,56.28,51,34,4.65
234,Mayo,US,2021-07-11 22:03:18,38.8876,-76.5119,91.35,78,49,4.0
235,Korla,CN,2021-07-11 22:03:18,41.7597,86.1469,76.44,38,99,13.33
236,Lagoa,PT,2021-07-11 22:03:18,39.05,-27.9833,66.22,71,100,15.32
237,Hasaki,JP,2021-07-11 22:03:19,35.7333,140.8333,73.8,84,66,5.73
238,Narsaq,GL,2021-07-11 22:03:19,60.9167,-46.05,46.62,99,100,5.66
239,Wilmington,US,2021-07-11 22:00:52,34.2257,-77.9447,86.92,77,58,7.0
240,Ugoofaaru,MV,2021-07-11 22:03:19,5.6667,73.0,81.79,80,100,16.62
241,Kitgum,UG,2021-07-11 22:03:20,3.2783,32.8867,64.18,96,85,2.15
242,Zaragoza,ES,2021-07-11 22:03:20,41.6561,-0.8773,84.65,46,0,1.99
243,Neiafu,TO,2021-07-11 22:03:20,-18.65,-173.9833,78.13,85,18,13.67
244,Acajutla,SV,2021-07-11 22:03:21,13.5928,-89.8275,81.91,73,91,2.77
245,Camana,PE,2021-07-11 22:03:21,-16.6228,-72.7111,62.76,76,37,4.99
246,Fort Morgan,US,2021-07-11 22:00:30,40.2503,-103.8,90.81,21,1,3.44
247,Porto Santo,PT,2021-07-11 22:03:21,33.072,-16.3415,73.31,78,40,12.66
248,Iquitos,PE,2021-07-11 22:03:22,-3.7481,-73.2472,77.7,95,59,1.16
249,Vung Tau,VN,2021-07-11 22:03:22,10.346,107.0843,80.73,83,100,10.13
250,Avera,US,2021-07-11 22:03:22,33.194,-82.5271,82.45,57,90,9.46
251,Stephenville,US,2021-07-11 22:03:23,32.2207,-98.2023,90.55,55,1,5.75
252,Necochea,AR,2021-07-11 22:03:23,-38.5473,-58.7368,55.04,51,1,9.55
253,Litovko,RU,2021-07-11 22:03:23,49.2361,135.1742,73.69,86,48,7.67
254,Tommot,RU,2021-07-11 22:03:24,58.9564,126.2925,58.15,73,50,2.3
255,Goias,BR,2021-07-11 22:03:24,-15.5807,-49.6362,71.44,28,24,1.16
256,Praia Da Vitoria,PT,2021-07-11 22:03:24,38.7333,-27.0667,67.75,72,100,12.77
257,Douentza,ML,2021-07-11 22:03:25,14.9951,-2.9517,86.58,47,38,4.81
258,Tiksi,RU,2021-07-11 22:03:25,71.6872,128.8694,39.2,63,3,6.89
259,Hofn,IS,2021-07-11 22:03:26,64.2539,-15.2082,52.88,89,11,10.16
260,Puerto Escondido,MX,2021-07-11 22:03:26,15.85,-97.0667,86.83,62,75,9.22
261,Batamshinskiy,KZ,2021-07-11 22:03:26,50.5594,58.2747,60.12,83,11,8.59
262,Kolpashevo,RU,2021-07-11 22:03:27,58.3131,82.9089,49.06,94,52,4.52
263,Bobrovka,RU,2021-07-11 22:03:27,54.047,61.7455,57.29,71,95,14.09
264,Souillac,MU,2021-07-11 22:03:27,-20.5167,57.5167,71.37,76,69,15.86
265,Sawtell,AU,2021-07-11 22:03:28,-30.3833,153.1,50.18,93,75,2.3
266,Faanui,PF,2021-07-11 22:03:28,-16.4833,-151.75,79.29,79,26,18.77
267,Codrington,AU,2021-07-11 21:58:59,-38.2667,141.9667,48.7,58,55,19.48
268,Teguise,ES,2021-07-11 22:03:28,29.0605,-13.564,71.82,78,0,17.27
269,Namwala,ZM,2021-07-11 22:03:29,-15.7504,26.4384,56.48,56,1,4.18
270,Ouadda,CF,2021-07-11 22:03:29,8.0777,22.4007,68.29,98,100,1.43
271,Ternate,ID,2021-07-11 22:03:29,0.8,127.4,79.5,80,34,3.51
272,Mao,ES,2021-07-11 22:03:30,39.8885,4.2658,75.76,88,0,9.22
273,Daloa,CI,2021-07-11 22:03:30,6.8774,-6.4502,72.91,87,73,3.11
274,Brown Deer,US,2021-07-11 22:03:30,43.1633,-87.9645,74.55,68,1,1.01
275,Gillette,US,2021-07-11 22:03:31,44.2911,-105.5022,92.8,16,1,1.01
276,Yanam,IN,2021-07-11 22:03:31,16.7333,82.2167,77.81,90,100,2.98
277,Salisbury,GB,2021-07-11 22:03:31,51.0693,-1.7957,59.61,91,89,4.25
278,Samarai,PG,2021-07-11 22:03:31,-10.6167,150.6667,79.5,85,72,13.13
279,Tessalit,ML,2021-07-11 22:02:11,20.1986,1.0114,97.2,21,39,10.89
280,Ahipara,NZ,2021-07-11 22:03:32,-35.1667,173.1667,53.55,91,100,22.24
281,Yelniki,RU,2021-07-11 22:03:32,54.6207,43.876,59.68,71,0,7.05
282,Lao Cai,VN,2021-07-11 22:03:32,22.4833,103.95,75.38,95,82,1.12
283,Yekepa,LR,2021-07-11 22:03:33,7.5753,-8.5419,68.45,99,56,2.08
284,Leshukonskoye,RU,2021-07-11 22:03:33,64.8989,45.7622,47.7,67,7,4.83
285,Victoria,HK,2021-07-11 22:03:33,22.2855,114.1577,86.32,85,100,5.99
286,Tabas,IR,2021-07-11 22:03:34,33.5959,56.9244,93.04,16,0,1.45
287,Rudbar,AF,2021-07-11 22:03:34,30.15,62.6,88.43,25,0,9.13
288,Cheremukhovo,RU,2021-07-11 22:03:34,60.3484,59.9851,46.56,80,64,2.57
289,Vao,NC,2021-07-11 22:03:35,-22.6667,167.4833,70.52,64,43,17.38
290,La Rioja,ES,2021-07-11 22:03:35,42.25,-2.5,64.18,76,71,2.86
291,Beyneu,KZ,2021-07-11 22:03:35,45.3167,55.2,81.19,47,44,8.08
292,Alice Springs,AU,2021-07-11 22:03:35,-23.7,133.8833,44.15,57,6,2.3
293,Opuwo,NA,2021-07-11 22:03:36,-18.0607,13.84,59.83,28,60,3.29
294,Roald,NO,2021-07-11 22:03:36,62.5833,6.1333,61.09,72,75,9.22
295,Vuktyl,RU,2021-07-11 22:03:36,63.8567,57.3094,46.22,87,67,5.95
296,Severo-Kurilsk,RU,2021-07-11 22:03:37,50.6789,156.125,53.56,92,100,7.05
297,Mukhen,RU,2021-07-11 22:03:37,48.1,136.1,70.84,94,99,4.56
298,Nanakuli,US,2021-07-11 22:00:17,21.3906,-158.1547,84.11,64,100,15.14
299,Waipawa,NZ,2021-07-11 22:03:38,-41.4122,175.5153,39.31,76,100,1.5
300,Margate,GB,2021-07-11 22:01:02,51.3813,1.3862,61.92,82,100,1.99
301,Secunda,ZA,2021-07-11 22:03:38,-26.55,29.1667,45.3,60,0,3.22
302,Nouadhibou,MR,2021-07-11 22:03:38,20.931,-17.0347,67.08,94,92,13.89
303,Susanville,US,2021-07-11 22:01:57,40.4163,-120.653,102.81,12,1,10.0
304,Prado,BR,2021-07-11 22:03:39,-17.3411,-39.2208,70.45,82,0,7.52
305,Areosa,PT,2021-07-11 22:03:39,41.7178,-8.8571,65.68,85,99,13.06
306,Santa Rosa,PH,2021-07-11 22:03:39,14.3122,121.1114,81.86,83,52,5.84
307,Payo,ID,2021-07-11 22:03:40,-3.7508,103.6372,70.86,99,79,1.97
308,Anadyr,RU,2021-07-11 22:03:40,64.75,177.4833,59.5,72,0,4.0
309,Castelo Do Piaui,BR,2021-07-11 22:03:40,-5.3222,-41.5525,84.07,42,62,8.68
310,Irtyshskiy,RU,2021-07-11 22:03:41,58.3333,68.1333,48.88,81,100,6.64
311,Wanaka,NZ,2021-07-11 21:59:52,-44.7,169.15,29.1,99,20,1.99
312,Batemans Bay,AU,2021-07-11 22:03:41,-35.7167,150.1833,48.2,87,100,4.56
313,Anloga,GH,2021-07-11 22:03:41,5.7947,0.8973,77.9,80,4,11.32
314,Ahuimanu,US,2021-07-11 22:03:42,21.4447,-157.8378,83.86,59,100,17.29
315,Soyo,AO,2021-07-11 22:03:43,-6.1349,12.3689,72.86,88,6,8.1
316,Belyy Yar,RU,2021-07-11 22:03:43,53.6039,91.3903,55.29,88,0,2.24
317,Palma,ES,2021-07-11 22:03:14,39.5694,2.6502,81.05,35,0,3.0
318,Lasa,IT,2021-07-11 22:03:44,46.6166,10.7002,63.01,89,15,2.8
319,Comitan,MX,2021-07-11 22:02:11,16.25,-92.1333,70.03,66,88,13.13
320,Maraa,BR,2021-07-11 22:03:44,-1.8333,-65.3667,75.24,96,77,3.67
321,Smithers,CA,2021-07-11 22:00:05,54.7804,-127.1743,76.51,33,11,5.86
322,Dalbandin,PK,2021-07-11 22:00:54,28.8947,64.4101,93.45,29,33,6.08
323,Poum,NC,2021-07-11 22:03:45,-20.2333,164.0167,71.26,65,94,16.87
324,Polazna,RU,2021-07-11 22:03:45,58.2946,56.4055,51.19,85,0,5.75
325,Muzhi,RU,2021-07-11 22:03:45,65.3667,64.6667,42.91,67,17,11.63
326,Sao Felix Do Xingu,BR,2021-07-11 22:03:46,-6.6447,-51.995,83.95,40,99,1.57
327,Sur,OM,2021-07-11 22:03:46,22.5667,59.5289,89.08,61,59,4.7
328,Qandala,SO,2021-07-11 22:03:46,11.472,49.8728,90.52,48,58,21.52
329,Saint-Paul,RE,2021-07-11 22:03:47,-21.0096,55.2707,68.09,91,73,1.01
330,Mabaruma,GY,2021-07-11 22:03:47,8.2,-59.7833,78.21,88,40,4.9
331,Skjervoy,NO,2021-07-11 22:03:47,70.0311,20.9714,53.1,85,91,4.07
332,Arapiraca,BR,2021-07-11 22:00:13,-9.7525,-36.6611,68.02,95,19,5.66
333,Husavik,IS,2021-07-11 22:03:48,66.0449,-17.3389,51.08,85,45,1.9
334,Guhagar,IN,2021-07-11 22:03:48,17.4842,73.1929,78.19,94,100,15.26
335,Grado,ES,2021-07-11 22:03:49,43.388,-6.0743,61.3,92,75,14.97
336,Ketchikan,US,2021-07-11 22:03:49,55.3422,-131.6461,65.64,70,87,5.17
337,Los Llanos De Aridane,ES,2021-07-11 22:03:49,28.6585,-17.9182,73.13,82,20,16.11
338,Zhigansk,RU,2021-07-11 22:03:50,66.7697,123.3711,44.62,91,100,14.52
339,Pierre,US,2021-07-11 22:01:03,44.3683,-100.351,90.0,32,0,4.0
340,Salinopolis,BR,2021-07-11 22:03:50,-0.6136,-47.3561,80.19,79,92,12.03
341,Bartica,GY,2021-07-11 22:03:50,6.4,-58.6167,77.0,93,34,3.83
342,Sao Joao Da Barra,BR,2021-07-11 22:03:51,-21.6403,-41.0511,69.24,83,0,8.03
343,Kargasok,RU,2021-07-11 22:03:51,59.0556,80.8572,51.48,80,99,4.05
344,Pevek,RU,2021-07-11 22:03:51,69.7008,170.3133,55.11,75,22,16.78
345,De Panne,BE,2021-07-11 22:03:52,51.0792,2.5917,63.01,92,75,3.44
346,Goderich,CA,2021-07-11 22:00:16,43.7501,-81.7165,73.56,84,100,6.49
347,Ancud,CL,2021-07-11 22:03:52,-41.8697,-73.8203,46.22,91,100,3.6
348,Lisala,CD,2021-07-11 22:03:52,2.15,21.5167,69.12,94,90,2.59
349,Puerto Del Rosario,ES,2021-07-11 22:03:53,28.5004,-13.8627,74.88,88,0,12.66
350,Bethel,US,2021-07-11 22:03:53,41.3712,-73.414,77.63,86,90,8.05
351,Chimoio,MZ,2021-07-11 22:03:53,-19.1164,33.4833,55.04,97,0,2.21
352,Togur,RU,2021-07-11 22:03:54,58.3631,82.8265,49.51,92,57,4.34
353,Norrkoping,SE,2021-07-11 22:03:54,58.5942,16.1826,61.79,86,17,0.0
354,Sendhwa,IN,2021-07-11 22:03:54,21.6833,75.1,76.64,88,100,2.17
355,Havre-Saint-Pierre,CA,2021-07-11 22:03:55,50.2334,-63.5986,59.36,88,90,4.61
356,Road Town,VG,2021-07-11 22:03:55,18.4167,-64.6167,84.24,79,40,12.66
357,Arroyo,ES,2021-07-11 22:03:55,41.6096,-4.7969,78.15,39,0,10.36
358,Komsomolskiy,UZ,2021-07-11 22:03:56,40.4272,71.7189,72.46,63,100,2.42
359,Moindou,NC,2021-07-11 22:03:56,-21.6924,165.677,67.95,60,9,3.76
360,Usman,RU,2021-07-11 22:03:56,52.0466,39.7288,73.44,74,0,4.38
361,Ligayan,PH,2021-07-11 22:03:57,4.6533,119.4706,81.99,76,89,1.72
362,Aquiraz,BR,2021-07-11 22:03:57,-3.9014,-38.3911,80.69,82,76,8.52
363,Cap Malheureux,MU,2021-07-11 22:01:21,-19.9842,57.6142,71.47,69,34,8.99
364,Valparaiso,CL,2021-07-11 22:00:55,-33.0393,-71.6273,52.48,76,100,1.81
365,Hamilton,US,2021-07-11 22:03:57,39.1834,-84.5333,83.03,77,40,3.0
366,Gidole,ET,2021-07-11 22:03:58,5.65,37.3667,60.15,59,86,2.57
367,Batagay,RU,2021-07-11 22:03:58,67.6333,134.6333,51.17,75,100,7.56
368,Rio Cuarto,AR,2021-07-11 22:03:58,-33.1307,-64.3499,47.84,46,98,9.62
369,Guozhen,CN,2021-07-11 22:03:59,34.3659,107.359,75.45,71,42,3.09
370,Shitkino,RU,2021-07-11 22:03:59,56.3703,98.3543,55.27,87,6,2.19
371,Teberda,RU,2021-07-11 22:03:59,43.4456,41.7448,58.14,85,0,6.33
372,Nsanje,MW,2021-07-11 22:04:00,-16.92,35.262,64.67,85,0,2.71
373,Sosnovka,RU,2021-07-11 22:04:00,56.255,51.2842,51.78,78,0,5.39
374,Svetlyy,RU,2021-07-11 22:04:00,54.675,20.1347,66.25,93,1,7.02
375,Petropavlovsk-Kamchatskiy,RU,2021-07-11 22:04:01,53.0452,158.6483,63.19,63,0,6.71
376,Setermoen,NO,2021-07-11 22:04:01,68.861,18.3486,67.44,88,100,3.04
377,San Vicente,AR,2021-07-11 22:04:01,-26.6167,-54.1333,61.48,70,1,2.59
378,Neyshabur,IR,2021-07-11 22:04:01,36.2133,58.7958,77.36,31,0,3.0
379,Callaway,US,2021-07-11 22:04:02,30.153,-85.5699,87.67,73,40,4.0
380,Yulara,AU,2021-07-11 22:04:02,-25.2406,130.9889,51.78,54,6,8.79
381,Ayan,RU,2021-07-11 22:04:02,56.45,138.1667,56.07,91,98,1.14
382,Lansing,US,2021-07-11 22:02:44,42.7325,-84.5555,72.68,76,90,11.5
383,Sechura,PE,2021-07-11 22:04:03,-5.5569,-80.8222,73.4,66,54,14.79
384,Bubaque,GW,2021-07-11 22:04:03,11.2833,-15.8333,80.02,81,100,12.97
385,Okha,RU,2021-07-11 22:04:04,53.5739,142.9478,60.37,96,100,5.57
386,Mineiros,BR,2021-07-11 22:04:04,-17.5694,-52.5511,68.68,36,3,3.02
387,Canaries,ES,2021-07-11 22:04:04,28.0,-15.5,66.16,78,0,28.77
388,Anchorage,US,2021-07-11 22:02:53,61.2181,-149.9003,65.43,67,60,1.99
389,Bend,US,2021-07-11 22:02:14,44.0582,-121.3153,95.22,12,1,1.99
390,Erzin,TR,2021-07-11 22:04:05,36.9559,36.2,79.52,76,0,1.01
391,Ladario,BR,2021-07-11 22:04:05,-19.0047,-57.6017,76.68,29,2,1.43
392,Matagami,CA,2021-07-11 22:04:05,49.7502,-77.6328,73.42,31,0,4.43
393,Bratslav,UA,2021-07-11 22:04:06,48.8226,28.9407,66.0,79,4,6.67
394,Riohacha,CO,2021-07-11 22:02:28,11.5444,-72.9072,85.82,63,100,14.2
395,Traverse City,US,2021-07-11 22:04:06,44.7631,-85.6206,79.84,48,75,9.22
396,Whakatane,NZ,2021-07-11 22:04:06,-37.9585,176.9854,47.77,64,100,10.94
397,Poopo,BO,2021-07-11 22:04:07,-18.3667,-66.9667,49.44,26,0,3.42
398,Akranes,IS,2021-07-11 22:04:07,64.3218,-22.0749,60.8,87,80,6.62
399,Awbari,LY,2021-07-11 22:04:07,26.5921,12.7805,91.78,13,0,5.91
400,Gardenstown,GB,2021-07-11 22:04:08,57.671,-2.336,59.56,93,27,12.08
401,Rio Grande,BR,2021-07-11 22:04:08,-32.035,-52.0986,55.94,76,0,8.95
402,Tigil,RU,2021-07-11 22:04:08,57.8,158.6667,63.75,79,75,4.68
403,Knysna,ZA,2021-07-11 22:04:09,-34.0363,23.0471,53.11,48,0,2.89
404,Emerald,AU,2021-07-11 22:04:09,-23.5333,148.1667,53.98,56,0,4.83
405,Yokadouma,CM,2021-07-11 22:04:09,3.5167,15.05,68.7,98,6,2.89
406,Flinders,AU,2021-07-11 22:04:10,-34.5833,150.8552,47.21,92,100,1.01
407,Pinawa,CA,2021-07-11 22:04:10,50.1489,-95.8811,88.95,31,55,5.12
408,Monroe,US,2021-07-11 22:01:42,43.1501,-77.6831,70.18,93,90,4.61
409,Chapais,CA,2021-07-11 22:04:10,49.7834,-74.8492,72.77,28,3,7.52
410,Bundaberg,AU,2021-07-11 22:00:14,-24.85,152.35,62.22,78,59,7.0
411,Olinda,BR,2021-07-11 22:04:11,-8.0089,-34.8553,76.35,82,8,10.4
412,Constitucion,CL,2021-07-11 22:04:11,-35.3333,-72.4167,49.71,72,96,9.69
413,Saint-Leu,RE,2021-07-11 22:04:12,-21.15,55.2833,67.03,91,69,2.42
414,Snasa,NO,2021-07-11 22:04:12,64.2457,12.3778,54.34,96,50,3.87
415,Guarapari,BR,2021-07-11 22:04:12,-20.6667,-40.4975,69.69,88,3,2.86
416,Evora,PT,2021-07-11 22:04:12,38.5667,-7.9,66.9,68,0,12.64
417,Oktyabrskiy,RU,2021-07-11 22:04:13,54.4815,53.471,59.95,76,60,5.59
418,Taltal,CL,2021-07-11 22:04:13,-25.4,-70.4833,58.19,80,63,1.7
419,Kahului,US,2021-07-11 22:04:13,20.8947,-156.47,83.46,63,20,23.02
420,Yuanping,CN,2021-07-11 22:04:14,38.7153,112.7575,68.32,92,100,2.93
421,Woodward,US,2021-07-11 22:04:14,36.4337,-99.3904,85.23,42,40,14.97
422,Gasa,PS,2021-07-11 22:04:14,31.5,34.4667,79.92,79,0,1.86
423,Troitsko-Pechorsk,RU,2021-07-11 22:04:15,62.7084,56.1964,52.29,79,91,6.55
424,George,ZA,2021-07-11 22:00:10,-33.963,22.4617,52.05,51,0,2.39
425,Saint-Pierre,RE,2021-07-11 22:04:15,-21.3393,55.4781,67.64,75,0,3.44
426,Hecun,CN,2021-07-11 22:04:15,36.5333,114.1111,74.68,91,7,1.07
427,Hurricane,US,2021-07-11 22:04:16,37.1753,-113.2899,113.34,9,57,10.76
428,Khartoum,SD,2021-07-11 22:00:20,15.5518,32.5324,86.02,46,4,5.01
429,Aba,NG,2021-07-11 22:02:07,5.1066,7.3667,74.44,92,99,4.72
430,Comodoro Rivadavia,AR,2021-07-11 22:02:51,-45.8667,-67.5,47.52,40,42,33.6
431,Georgetown,MY,2021-07-11 22:04:16,5.4112,100.3354,75.13,94,20,1.14
432,Banff,CA,2021-07-11 22:04:17,51.1762,-115.5698,69.58,27,96,4.97
433,Kundiawa,PG,2021-07-11 22:04:17,-6.0167,144.9667,64.62,89,67,1.3
434,Hit,IQ,2021-07-11 22:00:05,33.6416,42.8251,95.63,18,0,12.82
435,Amuntai,ID,2021-07-11 22:04:17,-2.4177,115.2494,73.22,98,95,0.76
436,Itapemirim,BR,2021-07-11 22:02:03,-21.0111,-40.8339,68.34,84,0,6.96
437,Iralaya,HN,2021-07-11 22:04:18,15.0,-83.2333,79.18,84,100,16.13
438,Cabo San Lucas,MX,2021-07-11 22:01:43,22.8909,-109.9124,96.8,64,10,13.35
439,Ormstown,CA,2021-07-11 22:04:18,45.1334,-73.9992,80.89,65,100,4.99
440,Abha,SA,2021-07-11 22:04:18,18.2164,42.5053,68.25,60,0,0.0
441,Leh,IN,2021-07-11 22:04:19,34.1667,77.5833,64.4,44,15,5.14
442,Kavieng,PG,2021-07-11 22:04:19,-2.5744,150.7967,81.88,79,88,12.97
443,Aripuana,BR,2021-07-11 22:04:19,-9.1667,-60.6333,81.14,40,100,2.57
444,Quepos,CR,2021-07-11 22:00:36,9.4236,-84.1652,83.59,81,71,2.28
445,Fengzhen,CN,2021-07-11 22:04:20,40.4394,113.1536,67.77,79,100,3.58
446,Canton,CN,2021-07-11 22:00:53,23.1167,113.25,84.87,76,100,6.35
447,Biltine,TD,2021-07-11 22:04:20,14.5333,20.9167,92.88,22,94,5.39
448,Vanavara,RU,2021-07-11 22:04:21,60.34,102.2797,58.42,73,47,3.4
449,Tran,BG,2021-07-11 22:04:21,42.8353,22.6517,68.79,71,96,1.77
450,Onokhoy,RU,2021-07-11 22:04:21,51.932,108.0747,58.75,96,100,3.44
451,Marzuq,YE,2021-07-11 22:04:21,14.4,46.4667,80.15,59,62,5.19
452,Azul,AR,2021-07-11 22:04:22,-36.777,-59.8585,47.93,57,20,6.49
453,Sogne,NO,2021-07-11 22:04:22,58.0833,7.8167,60.69,38,4,10.11
454,Mount Isa,AU,2021-07-11 22:00:16,-20.7333,139.5,56.43,37,79,8.52
455,Kalabo,ZM,2021-07-11 22:04:22,-14.97,22.6814,54.77,37,0,5.19
456,Siocon,PH,2021-07-11 22:04:23,7.7061,122.1353,78.67,85,100,1.95
457,Marrakesh,MA,2021-07-11 22:04:23,31.6315,-8.0083,93.27,38,40,6.91
458,Sola,VU,2021-07-11 22:04:23,-13.8833,167.55,79.47,89,90,0.0
459,Petukhovo,RU,2021-07-11 22:04:24,55.0692,67.9019,60.44,98,100,10.13
460,Tiznit,MA,2021-07-11 22:04:24,29.5833,-9.5,85.57,37,100,3.06
461,Mujiayingzi,CN,2021-07-11 22:04:24,42.1167,118.7833,73.94,80,86,3.33
462,Sitka,US,2021-07-11 22:04:25,57.0531,-135.33,60.69,59,40,14.97
463,Barmer,IN,2021-07-11 22:04:25,25.75,71.3833,84.72,70,100,12.73
464,Nyurba,RU,2021-07-11 22:04:25,63.2842,118.3319,60.71,68,94,4.27
465,Sibolga,ID,2021-07-11 22:04:26,1.7427,98.7792,74.97,92,100,1.95
466,Moose Factory,CA,2021-07-11 22:04:26,51.2585,-80.6094,61.79,42,36,6.98
467,Loukhi,RU,2021-07-11 22:04:26,66.0764,33.0381,55.58,91,100,8.75
468,General Pico,AR,2021-07-11 22:04:27,-35.6566,-63.7568,53.02,42,34,7.92
469,Kenora,CA,2021-07-11 22:04:27,49.8167,-94.4337,86.77,42,58,11.01
470,Dhidhdhoo,MV,2021-07-11 22:04:27,6.8833,73.1,81.5,82,100,18.5
471,Mehran,IR,2021-07-11 22:04:27,33.1222,46.1646,97.59,11,0,9.4
472,Paramonga,PE,2021-07-11 22:04:28,-10.6667,-77.8333,66.38,77,28,6.62
473,Tadine,NC,2021-07-11 22:04:28,-21.55,167.8833,71.44,65,100,12.24
474,Olavarria,AR,2021-07-11 22:04:28,-36.8927,-60.3225,49.64,53,34,6.87
475,Belmonte,BR,2021-07-11 22:04:29,-15.8631,-38.8828,73.9,82,14,8.32
476,Bull Savanna,JM,2021-07-11 22:04:29,17.8868,-77.5902,83.17,56,74,16.08
477,Ovalle,CL,2021-07-11 22:02:05,-30.5983,-71.2003,57.61,73,100,4.9
478,Lac-Megantic,CA,2021-07-11 22:04:29,45.5834,-70.8823,75.51,62,100,3.71
479,Sulangan,PH,2021-07-11 22:04:30,11.1373,123.7228,83.66,75,73,7.58
480,Teluknaga,ID,2021-07-11 22:04:30,-6.0989,106.6381,79.61,88,20,1.99
481,Dolores,AR,2021-07-11 22:04:30,-36.3132,-57.6792,47.95,57,11,6.02
482,Buraydah,SA,2021-07-11 22:04:31,26.326,43.975,94.26,9,74,9.44
483,Nador,MA,2021-07-11 22:04:31,35.174,-2.9287,73.65,88,20,8.05
484,Uravakonda,IN,2021-07-11 22:00:16,14.95,77.2667,74.03,80,100,20.69
485,Otradnoye,RU,2021-07-11 22:04:32,59.7775,30.8181,69.85,85,1,4.5
486,Soverato,IT,2021-07-11 22:04:32,38.685,16.5499,73.35,81,0,12.37
487,Zaykovo,RU,2021-07-11 22:04:32,57.5613,62.7568,45.91,84,89,5.68
488,Murray Bridge,AU,2021-07-11 22:04:33,-35.1167,139.2667,53.13,85,36,10.07
489,Tokur,RU,2021-07-11 22:04:33,53.1333,132.9,63.59,92,90,2.44
490,Waitara,NZ,2021-07-11 22:04:33,-38.925,174.25,41.0,66,100,9.62
491,Revelstoke,CA,2021-07-11 22:00:15,50.9832,-118.2023,87.85,26,5,5.17
492,Mirnyy,RU,2021-07-11 22:04:33,62.5353,113.9611,60.46,63,73,2.82
493,Ucluelet,CA,2021-07-11 22:04:34,48.9329,-125.5528,87.04,84,11,1.01
494,Terney,RU,2021-07-11 22:04:34,45.0503,136.6092,68.38,93,35,1.5
495,Marolambo,MG,2021-07-11 22:04:34,-20.05,48.1167,58.51,97,29,2.71
496,Havelock,US,2021-07-11 22:04:35,34.8791,-76.9013,85.95,83,50,8.99
497,Tautira,PF,2021-07-11 22:04:35,-17.7333,-149.15,84.22,77,34,19.73
498,Skeldon,GY,2021-07-11 22:04:35,5.8833,-57.1333,78.04,87,61,7.76
499,Tonstad,NO,2021-07-11 22:04:36,58.6626,6.7169,59.36,87,18,2.86
500,Jiuquan,CN,2021-07-11 22:04:36,39.7432,98.5174,74.25,29,1,3.56
501,Zaysan,KZ,2021-07-11 22:01:14,47.4667,84.8667,65.66,56,80,11.54
502,Puerto Leguizamo,CO,2021-07-11 22:04:36,-0.1934,-74.7819,74.59,90,99,1.86
503,La Asuncion,VE,2021-07-11 22:04:37,11.0333,-63.8628,80.53,79,94,16.2
504,Manokwari,ID,2021-07-11 22:04:37,-0.8667,134.0833,78.8,79,66,5.84
505,Axim,GH,2021-07-11 22:04:37,4.8699,-2.2405,75.9,81,32,7.07
506,Tekeli,KZ,2021-07-11 22:04:38,44.83,78.8239,58.98,70,51,8.5
507,Namatanai,PG,2021-07-11 22:04:38,-3.6667,152.4333,81.3,76,78,7.74
508,Yacuiba,BO,2021-07-11 22:04:38,-22.038,-63.6797,78.78,45,37,9.24
509,George Town,MY,2021-07-11 22:04:38,5.4112,100.3354,75.13,94,20,1.14
510,Batagay-Alyta,RU,2021-07-11 22:04:39,67.8006,130.4114,40.03,90,100,4.21
511,Natal,BR,2021-07-11 22:04:39,-5.795,-35.2094,77.65,83,0,6.91
512,Manali,IN,2021-07-11 22:04:39,13.1667,80.2667,82.49,71,100,14.85
513,Katangli,RU,2021-07-11 22:04:40,51.7102,143.2326,61.23,93,94,3.74
514,Palmer,US,2021-07-11 22:00:31,42.1584,-72.3287,74.55,85,90,1.99
515,Cairns,AU,2021-07-11 22:00:27,-16.9167,145.7667,69.75,77,90,6.91
516,Bara,NG,2021-07-11 22:04:40,10.3744,10.7288,79.23,68,71,8.43
517,Dicabisagan,PH,2021-07-11 22:04:41,17.0818,122.4157,79.99,86,100,0.85
518,Meybod,IR,2021-07-11 22:04:41,32.2501,54.0166,92.37,12,2,7.96
519,Sharan,RU,2021-07-11 22:04:41,54.8167,54.0,61.48,69,84,7.52
520,Morgan City,US,2021-07-11 22:04:42,29.6994,-91.2068,89.01,74,40,5.75
521,Baie-Comeau,CA,2021-07-11 22:04:42,49.2168,-68.1489,62.1,98,100,4.32
522,Fredericksburg,US,2021-07-11 22:00:08,38.3032,-77.4605,91.22,65,75,3.0
523,Upington,ZA,2021-07-11 22:04:42,-28.4478,21.2561,59.54,23,2,16.26
524,Saint-Joseph,RE,2021-07-11 22:04:43,-21.3667,55.6167,66.56,75,45,12.03
525,La Ronge,CA,2021-07-11 22:03:08,55.1001,-105.2842,80.02,29,51,9.89
526,Vestmannaeyjar,IS,2021-07-11 22:04:43,63.4427,-20.2734,53.2,89,10,8.81
527,La Mira,MX,2021-07-11 22:04:43,18.035,-102.3266,85.33,71,90,7.11
528,Torit,SS,2021-07-11 22:04:44,4.4133,32.5678,68.41,88,73,3.09
529,Tuy Hoa,VN,2021-07-11 22:04:44,13.0833,109.3,76.46,91,90,2.42
530,Doka,SD,2021-07-11 22:04:44,13.5167,35.7667,74.82,78,100,10.98
531,Mashhad,IR,2021-07-11 22:04:45,36.297,59.6062,75.34,43,0,9.22
532,Ust-Ilimsk,RU,2021-07-11 22:04:45,58.0006,102.6619,57.9,69,20,3.31
533,Iberia,US,2021-07-11 22:00:52,29.9502,-91.7507,89.58,64,81,13.15
534,Nakusp,CA,2021-07-11 22:04:45,50.2499,-117.8023,89.47,29,2,5.1
535,Mega,ET,2021-07-11 22:04:46,4.05,38.3,62.92,60,99,15.43
536,Kpandae,GH,2021-07-11 22:04:46,8.4689,-0.0113,77.72,70,66,5.39
537,Port Blair,IN,2021-07-11 22:04:46,11.6667,92.75,81.37,83,100,14.2
538,Salalah,OM,2021-07-11 22:04:46,17.0151,54.0924,80.69,89,90,6.91
539,Mizdah,LY,2021-07-11 22:04:47,31.4451,12.9801,71.82,54,0,5.17
540,Olga,RU,2021-07-11 22:04:47,43.7444,135.2892,70.05,87,31,1.41
541,Ostrovnoy,RU,2021-07-11 22:04:47,68.0531,39.5131,43.25,75,42,6.98
542,Humaita,BR,2021-07-11 22:04:48,-7.5061,-63.0208,82.99,49,20,3.06
543,San Patricio,US,2021-07-11 22:04:48,28.017,-97.5169,92.12,65,100,16.4
544,Carlagan,PH,2021-07-11 22:04:48,14.975,122.0456,81.73,84,100,7.4
545,Touros,BR,2021-07-11 22:04:49,-5.1989,-35.4608,77.9,79,2,14.05
546,Karratha,AU,2021-07-11 22:04:49,-20.7377,116.8463,67.12,73,13,1.01
547,Balakovo,RU,2021-07-11 22:04:49,52.0278,47.8007,62.55,64,1,7.07
548,Visnes,NO,2021-07-11 22:04:50,59.3556,5.2242,59.58,88,11,5.75
549,Port Augusta,AU,2021-07-11 22:04:50,-32.5,137.7667,41.7,90,8,4.21
550,Xapuri,BR,2021-07-11 22:04:50,-10.6517,-68.5044,86.61,41,63,1.68
551,Port Keats,AU,2021-07-11 22:04:50,-14.25,129.55,66.99,28,61,8.57
552,Neuquen,AR,2021-07-11 22:04:51,-38.9516,-68.0591,49.57,37,1,7.16
553,Rio Gallegos,AR,2021-07-11 22:04:51,-51.6226,-69.2181,34.83,72,46,36.08
554,Jining,CN,2021-07-11 22:04:51,35.405,116.5814,80.98,84,98,16.78
555,Dwarka,IN,2021-07-11 22:04:52,22.2394,68.9678,83.53,79,100,16.28
556,Magadan,RU,2021-07-11 22:03:16,59.5667,150.8,54.64,92,100,2.42
557,Yerbogachen,RU,2021-07-11 22:04:52,61.2767,108.0108,59.02,73,39,1.59
558,Rankovce,MK,2021-07-11 22:04:52,42.1696,22.1162,70.59,78,86,2.17
559,Bulawayo,ZW,2021-07-11 22:04:53,-20.15,28.5833,51.3,46,0,7.25
560,Knyaze-Volkonskoye,RU,2021-07-11 22:04:53,48.4642,135.4567,71.94,91,46,7.76
561,Omsukchan,RU,2021-07-11 22:04:53,62.5333,155.8,56.26,75,89,11.01
562,Pyaozerskiy,RU,2021-07-11 22:04:54,65.8333,31.1667,60.66,97,100,2.53
563,Pangkalanbuun,ID,2021-07-11 22:04:54,-2.6833,111.6167,74.1,99,69,1.88
564,Echirolles,FR,2021-07-11 22:04:54,45.1333,5.7167,68.11,82,19,4.05
565,Te Anau,NZ,2021-07-11 22:04:55,-45.4167,167.7167,36.46,86,97,1.57
566,Leningradskiy,RU,2021-07-11 22:04:55,69.3833,178.4167,65.46,63,50,5.88
567,Naryan-Mar,RU,2021-07-11 22:04:55,67.6713,53.087,37.24,93,9,7.43
568,Mochudi,BW,2021-07-11 22:04:55,-24.4167,26.15,54.34,42,0,3.09
569,Brae,GB,2021-07-11 22:04:56,60.3964,-1.353,57.11,89,95,1.45
570,Caborca,MX,2021-07-11 22:04:56,30.5838,-111.101,97.48,34,0,8.66
571,Rocha,UY,2021-07-11 22:04:56,-34.4833,-54.3333,46.98,65,4,5.12
572,Chimbarongo,CL,2021-07-11 22:04:57,-34.7,-71.05,53.98,62,100,2.57
573,Hualmay,PE,2021-07-11 22:04:57,-11.0964,-77.6139,65.98,76,37,6.6
574,Fez,MA,2021-07-11 22:04:57,34.0372,-4.9998,91.65,27,40,13.8
575,Perivolia,GR,2021-07-11 22:04:58,35.4833,23.9833,77.92,61,0,0.0
576,Kousseri,CM,2021-07-11 22:04:58,12.0769,15.0306,85.19,56,85,13.4
577,Obsharovka,RU,2021-07-11 22:04:58,53.125,48.8531,58.33,69,0,8.32
578,Kuminskiy,RU,2021-07-11 22:04:59,58.6667,66.5667,46.33,81,100,5.39
579,Biloela,AU,2021-07-11 22:04:59,-24.4167,150.5,55.51,81,0,6.55
580,Ratnagiri,IN,2021-07-11 22:02:46,16.9833,73.3,78.53,93,100,16.04
581,Batsfjord,NO,2021-07-11 22:04:59,70.6345,29.7185,48.42,75,7,8.57
582,Chima,IN,2021-07-11 22:05:00,30.6854,76.0863,80.98,78,14,15.84
583,Changji,CN,2021-07-11 22:05:00,44.0167,87.3167,68.79,73,75,11.18
